{
    "Objective": {
        "n": 30,
        "mean": 1689.7484501763004,
        "std": 121.72977203172454,
        "95% CI": [
            1646.1880106959654,
            1733.3088896566353
        ],
        "min": 1439.2840409420758,
        "max": 1962.1105230818573
    },
    "Time": {
        "n": 30,
        "mean": 5232.267085117971,
        "std": 124.60393589096358,
        "95% CI": [
            5187.678139309584,
            5276.856030926358
        ],
        "min": 4894.901352893561,
        "max": 5366.263018630445
    },
    "Load": {
        "n": 30,
        "mean": 1927.1236230245652,
        "std": 132.72870824044335,
        "95% CI": [
            1879.6272647704475,
            1974.6199812786829
        ],
        "min": 1611.2668977585795,
        "max": 2245.6193549183645
    },
    "Demand": {
        "n": 30,
        "mean": 1217.219536029707,
        "std": 88.4099363812068,
        "95% CI": [
            1185.5824466068323,
            1248.8566254525815
        ],
        "min": 1034.5560680850967,
        "max": 1410.975164318662
    },
    "Revenue": {
        "n": 30,
        "mean": 1689.7916527369962,
        "std": 121.72609508059439,
        "95% CI": [
            1646.2325290367248,
            1733.3507764372675
        ],
        "min": 1439.3046501757435,
        "max": 1962.1465321787236
    },
    "Cost": {
        "n": 30,
        "mean": 0.04320256069588898,
        "std": 0.0267464247461317,
        "95% CI": [
            0.03363147552072278,
            0.05277364587105518
        ],
        "min": 0.020609233667790917,
        "max": 0.18140673096387266
    }
}