{
    "Objective": {
        "n": 30,
        "mean": 1705.6794700549533,
        "std": 114.00909491105187,
        "95% CI": [
            1664.8818393998467,
            1746.4771007100599
        ],
        "min": 1524.3331212055555,
        "max": 1939.7357037100983
    },
    "Time": {
        "n": 30,
        "mean": 6642.7718133799735,
        "std": 453.3924631020031,
        "95% CI": [
            6480.52740414336,
            6805.016222616587
        ],
        "min": 4393.353815481067,
        "max": 6998.087439388037
    },
    "Load": {
        "n": 30,
        "mean": 1957.2231872847663,
        "std": 132.393209735002,
        "95% CI": [
            1909.8468856289492,
            2004.5994889405833
        ],
        "min": 1687.703340889633,
        "max": 2219.3761113361047
    },
    "Demand": {
        "n": 30,
        "mean": 1227.0781442463447,
        "std": 96.2854323694651,
        "95% CI": [
            1192.6228447779872,
            1261.5334437147021
        ],
        "min": 1061.6266030499153,
        "max": 1394.015445814524
    },
    "Revenue": {
        "n": 30,
        "mean": 1705.7157313113667,
        "std": 114.0095835876686,
        "95% CI": [
            1664.9179257855785,
            1746.5135368371548
        ],
        "min": 1524.359512556117,
        "max": 1939.7775902072112
    },
    "Cost": {
        "n": 30,
        "mean": 0.0362612564135443,
        "std": 0.015138608862231532,
        "95% CI": [
            0.03084397480565764,
            0.04167853802143096
        ],
        "min": 0.01522904567263815,
        "max": 0.09367129669304451
    }
}