{
    "Objective": {
        "n": 30,
        "mean": 1687.0732772514698,
        "std": 121.66920998457569,
        "95% CI": [
            1643.5345096213782,
            1730.6120448815614
        ],
        "min": 1445.4663349441296,
        "max": 1951.8927324838303
    },
    "Time": {
        "n": 30,
        "mean": 287.19929716400804,
        "std": 18.561231820276408,
        "95% CI": [
            280.55724566015,
            293.8413486678661
        ],
        "min": 235.00423001497984,
        "max": 303.06419718265533
    },
    "Load": {
        "n": 30,
        "mean": 1923.6571846519898,
        "std": 133.5637492972202,
        "95% CI": [
            1875.8620107933557,
            1971.452358510624
        ],
        "min": 1618.5553937909008,
        "max": 2241.8011427780984
    },
    "Demand": {
        "n": 30,
        "mean": 1212.8746674957079,
        "std": 87.35140978504089,
        "95% CI": [
            1181.6163669505336,
            1244.1329680408821
        ],
        "min": 1044.069538232982,
        "max": 1395.5495494386553
    },
    "Revenue": {
        "n": 30,
        "mean": 1687.1191594923698,
        "std": 121.66545626125176,
        "95% CI": [
            1643.5817351149185,
            1730.6565838698211
        ],
        "min": 1445.4734194833595,
        "max": 1951.92653288065
    },
    "Cost": {
        "n": 30,
        "mean": 0.045882240900123536,
        "std": 0.028922660269962788,
        "95% CI": [
            0.035532399844217716,
            0.056232081956029356
        ],
        "min": 0.007084539229799132,
        "max": 0.17999166672190758
    }
}