{
    "Objective": {
        "n": 30,
        "mean": 1687.569984497616,
        "std": 122.71480006595421,
        "95% CI": [
            1643.6570572621877,
            1731.4829117330441
        ],
        "min": 1440.757089320467,
        "max": 1954.1202972097572
    },
    "Time": {
        "n": 30,
        "mean": 1112.4119696362566,
        "std": 48.77203304749213,
        "95% CI": [
            1094.9591217549307,
            1129.8648175175824
        ],
        "min": 1001.402605060488,
        "max": 1182.4279041439295
    },
    "Load": {
        "n": 30,
        "mean": 1924.3504245720253,
        "std": 134.3316557006201,
        "95% CI": [
            1876.2804589360505,
            1972.420390208
        ],
        "min": 1612.7585543508453,
        "max": 2239.5780271192125
    },
    "Demand": {
        "n": 30,
        "mean": 1214.7132565651216,
        "std": 88.63261996687005,
        "95% CI": [
            1182.9964808445184,
            1246.4300322857248
        ],
        "min": 1033.1586313924938,
        "max": 1396.1981435066461
    },
    "Revenue": {
        "n": 30,
        "mean": 1687.6162853666226,
        "std": 122.711957634583,
        "95% CI": [
            1643.7043752821974,
            1731.5281954510478
        ],
        "min": 1440.7722453113854,
        "max": 1954.148376239954
    },
    "Cost": {
        "n": 30,
        "mean": 0.04630086900669686,
        "std": 0.026263766104403494,
        "95% CI": [
            0.03690250100828823,
            0.05569923700510549
        ],
        "min": 0.015155990918194006,
        "max": 0.17260671771351918
    }
}