{
    "Objective": {
        "n": 30,
        "mean": 1690.154068503033,
        "std": 129.4455088648186,
        "95% CI": [
            1643.8325880566754,
            1736.4755489493905
        ],
        "min": 1395.1704348592843,
        "max": 1956.0538868456417
    },
    "Time": {
        "n": 30,
        "mean": 22.452959147219858,
        "std": 2.548721534756347,
        "95% CI": [
            21.540910859328168,
            23.365007435111547
        ],
        "min": 14.196430046111345,
        "max": 25.32552509754896
    },
    "Load": {
        "n": 30,
        "mean": 1927.103458926095,
        "std": 143.66527912056648,
        "95% CI": [
            1875.6934990444165,
            1978.5134188077736
        ],
        "min": 1549.3039549732207,
        "max": 2236.3363082599635
    },
    "Demand": {
        "n": 30,
        "mean": 1221.7150737326942,
        "std": 100.2874201760105,
        "95% CI": [
            1185.8276813199532,
            1257.6024661454353
        ],
        "min": 998.1136232280732,
        "max": 1449.5757912778854
    },
    "Revenue": {
        "n": 30,
        "mean": 1690.2154676728476,
        "std": 129.46135962393728,
        "95% CI": [
            1643.888315105186,
            1736.5426202405092
        ],
        "min": 1395.1704348592846,
        "max": 1956.0869596529415
    },
    "Cost": {
        "n": 30,
        "mean": 0.06139916981489271,
        "std": 0.06535621859425553,
        "95% CI": [
            0.03801174735264866,
            0.08478659227713677
        ],
        "min": 0.0,
        "max": 0.21675686141369815
    }
}