{
    "Objective": {
        "n": 30,
        "mean": 1689.4366811700227,
        "std": 127.23310833864684,
        "95% CI": [
            1643.9068980842867,
            1734.9664642557586
        ],
        "min": 1428.7648299670693,
        "max": 1964.4061430397699
    },
    "Time": {
        "n": 30,
        "mean": 73.23904781006277,
        "std": 4.419800485235342,
        "95% CI": [
            71.65744251877813,
            74.82065310134742
        ],
        "min": 57.66099003702402,
        "max": 77.48008630797267
    },
    "Load": {
        "n": 30,
        "mean": 1926.3401850652845,
        "std": 139.93316723254327,
        "95% CI": [
            1876.265744270832,
            1976.4146258597368
        ],
        "min": 1598.63027225852,
        "max": 2250.186041465512
    },
    "Demand": {
        "n": 30,
        "mean": 1214.9242765991687,
        "std": 94.81651146227134,
        "95% CI": [
            1180.9946237266377,
            1248.8539294716998
        ],
        "min": 1026.9146856987477,
        "max": 1409.796242816448
    },
    "Revenue": {
        "n": 30,
        "mean": 1689.4885557787916,
        "std": 127.23773856445001,
        "95% CI": [
            1643.9571157880314,
            1735.0199957695518
        ],
        "min": 1428.7648299670693,
        "max": 1964.4530824641279
    },
    "Cost": {
        "n": 30,
        "mean": 0.05187460876864917,
        "std": 0.03858035079579739,
        "95% CI": [
            0.03806880754253303,
            0.06568040999476531
        ],
        "min": 0.0,
        "max": 0.13076025780525216
    }
}