{
    "Objective": {
        "n": 30,
        "mean": 1699.0319818219234,
        "std": 114.2596405246321,
        "95% CI": [
            1658.1446945704454,
            1739.9192690734014
        ],
        "min": 1494.6161855821263,
        "max": 1939.7357037100983
    },
    "Time": {
        "n": 30,
        "mean": 6695.053052826226,
        "std": 453.986760705321,
        "95% CI": [
            6532.595976923517,
            6857.510128728935
        ],
        "min": 4393.353815481067,
        "max": 6998.087439388037
    },
    "Load": {
        "n": 30,
        "mean": 1945.1662018096774,
        "std": 142.4876591486189,
        "95% CI": [
            1894.1776478228976,
            1996.1547557964573
        ],
        "min": 1687.703340889633,
        "max": 2219.3761113361047
    },
    "Demand": {
        "n": 30,
        "mean": 1226.4572713647826,
        "std": 95.58892487207903,
        "95% CI": [
            1192.251213903381,
            1260.6633288261842
        ],
        "min": 1070.2761716582254,
        "max": 1394.015445814524
    },
    "Revenue": {
        "n": 30,
        "mean": 1699.0702130186023,
        "std": 114.26078495454358,
        "95% CI": [
            1658.1825162381401,
            1739.9579097990645
        ],
        "min": 1494.634275631291,
        "max": 1939.7775902072112
    },
    "Cost": {
        "n": 30,
        "mean": 0.03823119667908016,
        "std": 0.015735059107452803,
        "95% CI": [
            0.03260047809208521,
            0.043861915266075115
        ],
        "min": 0.01522904567263815,
        "max": 0.09367129669304451
    }
}