{
    "Objective": {
        "n": 30,
        "mean": 1035.9678695593584,
        "std": 153.165014141393,
        "95% CI": [
            981.1584731590104,
            1090.7772659597063
        ],
        "min": 761.9951783461099,
        "max": 1446.8220793560686
    },
    "Time": {
        "n": 30,
        "mean": 76.10058563426136,
        "std": 2.3306388079303124,
        "95% CI": [
            75.26657724790778,
            76.93459402061495
        ],
        "min": 74.34737551212311,
        "max": 83.62134417146444
    },
    "Load": {
        "n": 30,
        "mean": 1190.306915594737,
        "std": 184.68124765983038,
        "95% CI": [
            1124.2195798709652,
            1256.3942513185086
        ],
        "min": 843.8895709514618,
        "max": 1683.0309834480286
    },
    "Demand": {
        "n": 30,
        "mean": 1188.5490146186553,
        "std": 84.24402990654937,
        "95% CI": [
            1158.4026756822168,
            1218.6953535550938
        ],
        "min": 1040.6512302193046,
        "max": 1395.5495494386553
    },
    "Revenue": {
        "n": 30,
        "mean": 1738.5689443970516,
        "std": 275.28689106289335,
        "95% CI": [
            1640.0587955835838,
            1837.0790932105194
        ],
        "min": 1258.395738079139,
        "max": 2525.631396015206
    },
    "Cost": {
        "n": 30,
        "mean": 0.10414510647411526,
        "std": 0.2861578741382354,
        "95% CI": [
            0.0017448263276012566,
            0.20654538662062927
        ],
        "min": 0.0,
        "max": 1.1396791897484486
    }
}