{
    "Objective": {
        "n": 30,
        "mean": 1045.5527118967027,
        "std": 146.89066938791888,
        "95% CI": [
            992.9885609309822,
            1098.1168628624232
        ],
        "min": 770.0326554764612,
        "max": 1326.590727083879
    },
    "Time": {
        "n": 30,
        "mean": 400.85483144995135,
        "std": 2.9133969182684076,
        "95% CI": [
            399.8122857520316,
            401.8973771478711
        ],
        "min": 396.42964343493804,
        "max": 407.67866354295984
    },
    "Load": {
        "n": 30,
        "mean": 649.0532496453042,
        "std": 82.6882316915459,
        "95% CI": [
            619.4636459500243,
            678.642853340584
        ],
        "min": 499.55652043612713,
        "max": 843.6559863407232
    },
    "Demand": {
        "n": 30,
        "mean": 1194.8728686904508,
        "std": 80.42423671215218,
        "95% CI": [
            1166.093425193762,
            1223.6523121871396
        ],
        "min": 1046.0758790294826,
        "max": 1332.7079825340957
    },
    "Revenue": {
        "n": 30,
        "mean": 1072.6647402350768,
        "std": 148.88704788123684,
        "95% CI": [
            1019.3861944004054,
            1125.9432860697482
        ],
        "min": 805.2102444814058,
        "max": 1437.7349923760196
    },
    "Cost": {
        "n": 30,
        "mean": 0.0,
        "std": 0.0,
        "95% CI": [
            0.0,
            0.0
        ],
        "min": 0.0,
        "max": 0.0
    }
}