{
    "Objective": {
        "n": 30,
        "mean": 1035.9875374586854,
        "std": 153.11525733292825,
        "95% CI": [
            981.1959463035761,
            1090.779128613795
        ],
        "min": 761.9951783462666,
        "max": 1446.822079356365
    },
    "Time": {
        "n": 30,
        "mean": 1334.4526444790265,
        "std": 13.811315645445463,
        "95% CI": [
            1329.5103286488413,
            1339.3949603092117
        ],
        "min": 1307.9386125802994,
        "max": 1364.1713889539242
    },
    "Load": {
        "n": 30,
        "mean": 1190.3068389495218,
        "std": 184.68118551912443,
        "95% CI": [
            1124.2195254625162,
            1256.3941524365273
        ],
        "min": 843.8895709514618,
        "max": 1683.0309834480356
    },
    "Demand": {
        "n": 30,
        "mean": 1188.7177365066666,
        "std": 83.91584206754231,
        "95% CI": [
            1158.6888380801431,
            1218.74663493319
        ],
        "min": 1034.5560680850967,
        "max": 1387.3274663543143
    },
    "Revenue": {
        "n": 30,
        "mean": 1738.5688830808785,
        "std": 275.28683308413673,
        "95% CI": [
            1640.0587550148423,
            1837.0790111469148
        ],
        "min": 1258.3957380791387,
        "max": 2525.6313960152065
    },
    "Cost": {
        "n": 30,
        "mean": 0.08441589118781676,
        "std": 0.2498567164680539,
        "95% CI": [
            -0.004994186517950666,
            0.17382596889358418
        ],
        "min": 0.0,
        "max": 1.0186955518323066
    }
}