{
    "Objective": {
        "n": 30,
        "mean": 998.5284975805854,
        "std": 169.95750476580966,
        "95% CI": [
            937.7099855846019,
            1059.3470095765688
        ],
        "min": 652.7679274905943,
        "max": 1289.2005058981445
    },
    "Time": {
        "n": 30,
        "mean": 2796.3891214701193,
        "std": 20.385226718898227,
        "95% CI": [
            2789.0943617744383,
            2803.6838811658004
        ],
        "min": 2757.0021106060594,
        "max": 2834.4618636355735
    },
    "Load": {
        "n": 30,
        "mean": 622.7635101543202,
        "std": 97.50838387352054,
        "95% CI": [
            587.8705831106321,
            657.6564371980083
        ],
        "min": 445.7958468378635,
        "max": 786.0973036536327
    },
    "Demand": {
        "n": 30,
        "mean": 1191.7068496313348,
        "std": 102.50639333192241,
        "95% CI": [
            1155.025407872626,
            1228.3882913900436
        ],
        "min": 1003.3129247605057,
        "max": 1383.663896483276
    },
    "Revenue": {
        "n": 30,
        "mean": 1007.4151240244257,
        "std": 167.6904658974642,
        "95% CI": [
            947.4078614687056,
            1067.4223865801457
        ],
        "min": 673.7041958571867,
        "max": 1289.5701799395174
    },
    "Cost": {
        "n": 30,
        "mean": 0.0,
        "std": 0.0,
        "95% CI": [
            0.0,
            0.0
        ],
        "min": 0.0,
        "max": 0.0
    }
}