{
    "Objective": {
        "n": 30,
        "mean": 1108.151484324403,
        "std": 150.34683458843395,
        "95% CI": [
            1054.3505605253954,
            1161.9524081234108
        ],
        "min": 856.9978751594701,
        "max": 1424.6769653211177
    },
    "Time": {
        "n": 30,
        "mean": 1364.3538399179777,
        "std": 23.813627090462827,
        "95% CI": [
            1355.8322429054488,
            1372.8754369305066
        ],
        "min": 1299.965985700488,
        "max": 1405.1561983004212
    },
    "Load": {
        "n": 30,
        "mean": 1287.6546383579564,
        "std": 179.94413605869792,
        "95% CI": [
            1223.2624562500064,
            1352.0468204659064
        ],
        "min": 933.7850277423867,
        "max": 1626.9710602760283
    },
    "Demand": {
        "n": 30,
        "mean": 1227.0781442463447,
        "std": 96.2854323694651,
        "95% CI": [
            1192.6228447779872,
            1261.5334437147021
        ],
        "min": 1061.6266030499153,
        "max": 1394.015445814524
    },
    "Revenue": {
        "n": 30,
        "mean": 1870.6997781916616,
        "std": 266.1545892504685,
        "95% CI": [
            1775.4575816118727,
            1965.9419747714505
        ],
        "min": 1405.8438862620592,
        "max": 2436.9908407529406
    },
    "Cost": {
        "n": 30,
        "mean": 0.0671874753718295,
        "std": 0.24962039872094996,
        "95% CI": [
            -0.022138037114197207,
            0.1565129878578562
        ],
        "min": 0.0,
        "max": 1.060871255008009
    }
}