{
    "Objective": {
        "n": 30,
        "mean": 1038.3578668075222,
        "std": 158.52051843923167,
        "95% CI": [
            981.6320278068227,
            1095.0837058082216
        ],
        "min": 787.7387784833218,
        "max": 1394.1486179812866
    },
    "Time": {
        "n": 30,
        "mean": 69.27138757600139,
        "std": 0.6480174028054376,
        "95% CI": [
            69.03949752654205,
            69.50327762546073
        ],
        "min": 67.9892002879642,
        "max": 70.38873891113326
    },
    "Load": {
        "n": 30,
        "mean": 647.4890047341411,
        "std": 99.68521822979785,
        "95% CI": [
            611.8171075202746,
            683.1609019480076
        ],
        "min": 459.59079180913426,
        "max": 886.5111517803999
    },
    "Demand": {
        "n": 30,
        "mean": 1190.9863598152997,
        "std": 108.71124560865307,
        "95% CI": [
            1152.084540185395,
            1229.8881794452043
        ],
        "min": 1023.412187101841,
        "max": 1552.6389382234215
    },
    "Revenue": {
        "n": 30,
        "mean": 1067.810477218308,
        "std": 159.93661801586447,
        "95% CI": [
            1010.577893492169,
            1125.043060944447
        ],
        "min": 793.0647178315038,
        "max": 1398.3628446006026
    },
    "Cost": {
        "n": 30,
        "mean": 0.0,
        "std": 0.0,
        "95% CI": [
            0.0,
            0.0
        ],
        "min": 0.0,
        "max": 0.0
    }
}