{
    "Objective": {
        "n": 30,
        "mean": 1077.1307511705431,
        "std": 139.13126995352397,
        "95% CI": [
            1027.3432656320576,
            1126.9182367090286
        ],
        "min": 862.5450530065941,
        "max": 1368.660766686732
    },
    "Time": {
        "n": 30,
        "mean": 2839.5748581875737,
        "std": 39.547326197577064,
        "95% CI": [
            2825.423029257921,
            2853.7266871172264
        ],
        "min": 2765.9285847111605,
        "max": 2909.2559281168506
    },
    "Load": {
        "n": 30,
        "mean": 660.2122563446767,
        "std": 86.03691138986206,
        "95% CI": [
            629.4243430090936,
            691.0001696802598
        ],
        "min": 500.96591003399914,
        "max": 820.3587371210112
    },
    "Demand": {
        "n": 30,
        "mean": 1218.6601065973598,
        "std": 87.48608246026528,
        "95% CI": [
            1187.3536140542801,
            1249.9665991404395
        ],
        "min": 1060.9215253742411,
        "max": 1393.9199954684452
    },
    "Revenue": {
        "n": 30,
        "mean": 1091.5844167381135,
        "std": 143.01185643657735,
        "95% CI": [
            1040.4082811609244,
            1142.7605523153027
        ],
        "min": 863.0521353633814,
        "max": 1412.8485452832979
    },
    "Cost": {
        "n": 30,
        "mean": 0.0,
        "std": 0.0,
        "95% CI": [
            0.0,
            0.0
        ],
        "min": 0.0,
        "max": 0.0
    }
}