{
    "Objective": {
        "n": 30,
        "mean": 1101.5232596043493,
        "std": 168.8450883120394,
        "95% CI": [
            1041.102820723945,
            1161.9436984847537
        ],
        "min": 830.5076427629635,
        "max": 1489.8250597480878
    },
    "Time": {
        "n": 30,
        "mean": 14.558315375835324,
        "std": 0.11333675068631231,
        "95% CI": [
            14.517758340471106,
            14.598872411199542
        ],
        "min": 14.40761561691761,
        "max": 14.800123161170632
    },
    "Load": {
        "n": 30,
        "mean": 699.2377285930108,
        "std": 93.31800185925933,
        "95% CI": [
            665.8443104951223,
            732.6311466908994
        ],
        "min": 502.93098582269783,
        "max": 930.6276852278701
    },
    "Demand": {
        "n": 30,
        "mean": 1213.6882693467537,
        "std": 114.31867261864214,
        "95% CI": [
            1172.7798577317317,
            1254.5966809617757
        ],
        "min": 1008.5261017107963,
        "max": 1525.8807119369508
    },
    "Revenue": {
        "n": 30,
        "mean": 1126.7223567429278,
        "std": 164.18866599920938,
        "95% CI": [
            1067.9681971873547,
            1185.4765162985009
        ],
        "min": 842.9785064142192,
        "max": 1505.0158189963104
    },
    "Cost": {
        "n": 30,
        "mean": 0.0,
        "std": 0.0,
        "95% CI": [
            0.0,
            0.0
        ],
        "min": 0.0,
        "max": 0.0
    }
}