{
    "Objective": {
        "n": 30,
        "mean": 1039.4970338792443,
        "std": 153.41848391565856,
        "95% CI": [
            984.5969344850625,
            1094.397133273426
        ],
        "min": 763.3923691892219,
        "max": 1449.0849650393998
    },
    "Time": {
        "n": 30,
        "mean": 20.445068819324174,
        "std": 1.435948642010397,
        "95% CI": [
            19.93122119706081,
            20.958916441587537
        ],
        "min": 19.619559466838837,
        "max": 28.053389064967632
    },
    "Load": {
        "n": 30,
        "mean": 1193.9075894137225,
        "std": 184.67574034218146,
        "95% CI": [
            1127.8222244582612,
            1259.9929543691837
        ],
        "min": 845.1597444176673,
        "max": 1685.5639298915862
    },
    "Demand": {
        "n": 30,
        "mean": 1188.1620430816015,
        "std": 91.91826885225687,
        "95% CI": [
            1155.2695130074271,
            1221.0545731557759
        ],
        "min": 1026.9146856987477,
        "max": 1409.796242816448
    },
    "Revenue": {
        "n": 30,
        "mean": 1743.003066100924,
        "std": 275.5254679225034,
        "95% CI": [
            1644.4075436546873,
            1841.5985885471605
        ],
        "min": 1259.7929289222484,
        "max": 2528.1430426501497
    },
    "Cost": {
        "n": 30,
        "mean": 0.008292031720460884,
        "std": 0.04465395740066892,
        "95% CI": [
            -0.007687181716350251,
            0.02427124515727202
        ],
        "min": 0.0,
        "max": 0.2487609516138265
    }
}