{
    "Objective": {
        "n": 30,
        "mean": 1036.0173087830956,
        "std": 153.1905234401616,
        "95% CI": [
            981.198783997418,
            1090.835833568773
        ],
        "min": 761.9951783461083,
        "max": 1446.8220793560945
    },
    "Time": {
        "n": 30,
        "mean": 306.2727158805976,
        "std": 4.977994852492539,
        "95% CI": [
            304.49136330031916,
            308.05406846087607
        ],
        "min": 295.10445940867066,
        "max": 313.94947028532624
    },
    "Load": {
        "n": 30,
        "mean": 1190.3068389495213,
        "std": 184.68118551912391,
        "95% CI": [
            1124.2195254625158,
            1256.3941524365268
        ],
        "min": 843.8895709514618,
        "max": 1683.0309834480286
    },
    "Demand": {
        "n": 30,
        "mean": 1186.1510416212282,
        "std": 85.69267545115018,
        "95% CI": [
            1155.4863115342862,
            1216.8157717081701
        ],
        "min": 1033.1586313924938,
        "max": 1395.4712150271237
    },
    "Revenue": {
        "n": 30,
        "mean": 1738.5688830808785,
        "std": 275.28683308413673,
        "95% CI": [
            1640.0587550148423,
            1837.0790111469148
        ],
        "min": 1258.395738079139,
        "max": 2525.631396015206
    },
    "Cost": {
        "n": 30,
        "mean": 0.05464456657307111,
        "std": 0.16518758800492228,
        "95% CI": [
            -0.004467052631437166,
            0.11375618577757939
        ],
        "min": 0.0,
        "max": 0.6198061278946851
    }
}