{
    "Objective": {
        "n": 30,
        "mean": 1084.3326327791135,
        "std": 150.69198379097668,
        "95% CI": [
            1030.4081989242,
            1138.257066634027
        ],
        "min": 815.5071565961211,
        "max": 1463.3823868644167
    },
    "Time": {
        "n": 30,
        "mean": 6.360356265803178,
        "std": 0.22344935688204234,
        "95% CI": [
            6.280395940363291,
            6.440316591243065
        ],
        "min": 5.544266507029533,
        "max": 7.005908902734518
    },
    "Load": {
        "n": 30,
        "mean": 1245.1243534660339,
        "std": 180.18067229381967,
        "95% CI": [
            1180.6475279534102,
            1309.6011789786576
        ],
        "min": 910.4447607517243,
        "max": 1700.5098304271698
    },
    "Demand": {
        "n": 30,
        "mean": 1188.9878075728416,
        "std": 95.4015076580018,
        "95% CI": [
            1154.8488165001725,
            1223.1267986455107
        ],
        "min": 998.1136232280732,
        "max": 1449.5757912778854
    },
    "Revenue": {
        "n": 30,
        "mean": 1799.6778834479783,
        "std": 270.45104971923007,
        "95% CI": [
            1702.8982182349582,
            1896.4575486609983
        ],
        "min": 1330.9207811006763,
        "max": 2542.191703523551
    },
    "Cost": {
        "n": 30,
        "mean": 0.01222286221544668,
        "std": 0.05668601084540563,
        "95% CI": [
            -0.00806196625009394,
            0.0325076906809873
        ],
        "min": 0.0,
        "max": 0.31305762641849727
    }
}