{
    "Objective": {
        "n": 30,
        "mean": 1123.9149119604688,
        "std": 158.9056088970315,
        "95% CI": [
            1067.0512701092302,
            1180.7785538117073
        ],
        "min": 829.0149368548787,
        "max": 1442.3325997589982
    },
    "Time": {
        "n": 30,
        "mean": 3.593932048634936,
        "std": 0.10793650865265281,
        "95% CI": [
            3.5553074650642285,
            3.632556632205644
        ],
        "min": 3.493207021150738,
        "max": 3.8339492841623724
    },
    "Load": {
        "n": 30,
        "mean": 725.8970247704564,
        "std": 100.40052230530732,
        "95% CI": [
            689.969159280537,
            761.8248902603757
        ],
        "min": 521.7059906019248,
        "max": 900.6459444164243
    },
    "Demand": {
        "n": 30,
        "mean": 1181.375773876667,
        "std": 111.66522765046481,
        "95% CI": [
            1141.4168853489023,
            1221.3346624044316
        ],
        "min": 948.9915423774719,
        "max": 1452.623420820236
    },
    "Revenue": {
        "n": 30,
        "mean": 1135.241749930584,
        "std": 156.96179846413233,
        "95% CI": [
            1079.073691709466,
            1191.4098081517022
        ],
        "min": 841.0144795716641,
        "max": 1449.8614502129612
    },
    "Cost": {
        "n": 30,
        "mean": 0.0,
        "std": 0.0,
        "95% CI": [
            0.0,
            0.0
        ],
        "min": 0.0,
        "max": 0.0
    }
}