{
  "folder": "sac-vp",
  "ports": 4,
  "gen": true,
  "CV": 0.7,
  "proj": "UVP+R",
  "eta_v": "svd",
  "iters": "100",
  "source_log": "output_files/output436576.log",
  "result": {
    "total_profit": {
      "mean": 1514.1513671875,
      "median": 1498.751220703125,
      "std": 126.27498626708984,
      "min": 1298.833251953125,
      "max": 1813.482177734375,
      "lb_ci": 1468.9652672973655,
      "ub_ci": 1559.3374670776345,
      "value": [
        1577.796875,
        1586.6405029296875,
        1408.1309814453125,
        1608.936279296875,
        1364.675537109375,
        1470.972412109375,
        1298.833251953125,
        1453.29833984375,
        1487.966796875,
        1585.7286376953125,
        1546.011962890625,
        1813.482177734375,
        1481.286865234375,
        1583.60400390625,
        1669.2529296875,
        1451.0718994140625,
        1377.21923828125,
        1501.711669921875,
        1630.932861328125,
        1436.55859375,
        1500.60400390625,
        1311.83740234375,
        1427.646240234375,
        1498.751220703125,
        1366.138916015625,
        1636.7978515625,
        1375.9296875,
        1550.34423828125,
        1765.2279052734375,
        1657.14990234375
      ]
    },
    "total_violations": {
      "mean": 0.004791418556123972,
      "median": 0.0024426965974271297,
      "std": 0.008464095182716846,
      "min": 0.00031799572752788663,
      "max": 0.04044018313288689,
      "lb_ci": 0.0017626362001560733,
      "ub_ci": 0.00782020091209187,
      "value": [
        0.0020782065112143755,
        0.004169589374214411,
        0.000854260812047869,
        0.001141284592449665,
        0.0024426965974271297,
        0.0028147271368652582,
        0.003612761851400137,
        0.002876230515539646,
        0.0014474134659394622,
        0.003986946307122707,
        0.0014501858968287706,
        0.003934470005333424,
        0.04044018313288689,
        0.005150807090103626,
        0.0010579116642475128,
        0.0008413110626861453,
        0.0033767777495086193,
        0.00031799572752788663,
        0.004143452271819115,
        0.029083434492349625,
        0.003251485526561737,
        0.0019279224798083305,
        0.0006081868195906281,
        0.0007608929881826043,
        0.002275583567097783,
        0.009024028666317463,
        0.003965366166085005,
        0.0029264134354889393,
        0.0015601569321006536,
        0.0022218613885343075
      ]
    },
    "inference_times": {
      "mean": 4.722866058349609,
      "median": 4.678047180175781,
      "std": 0.3750903010368347,
      "min": 3.9500555992126465,
      "max": 5.762094020843506,
      "lb_ci": 4.588644164437685,
      "ub_ci": 4.857087952261534,
      "value": [
        3.9500555992126465,
        4.633617401123047,
        4.555356502532959,
        5.141361713409424,
        4.703534126281738,
        5.284294128417969,
        4.820056915283203,
        5.22220516204834,
        4.59888219833374,
        4.465009689331055,
        4.800635814666748,
        4.912319660186768,
        4.237642765045166,
        4.693207740783691,
        5.207444190979004,
        4.41208028793335,
        4.573350429534912,
        4.889582633972168,
        4.678047180175781,
        5.762094020843506,
        4.2080817222595215,
        4.661537170410156,
        5.211059093475342,
        4.514501571655273,
        4.748873233795166,
        4.298977851867676,
        4.792304515838623,
        4.616231441497803,
        4.726534843444824,
        4.367093086242676
      ]
    },
    "feasible_instance": {
      "mean": 1.0,
      "median": 1.0,
      "std": 0.0,
      "min": 1.0,
      "max": 1.0,
      "lb_ci": 1.0,
      "ub_ci": 1.0,
      "value": [
        1.0,
        1.0,
        1.0,
        1.0,
        1.0,
        1.0,
        1.0,
        1.0,
        1.0,
        1.0,
        1.0,
        1.0,
        1.0,
        1.0,
        1.0,
        1.0,
        1.0,
        1.0,
        1.0,
        1.0,
        1.0,
        1.0,
        1.0,
        1.0,
        1.0,
        1.0,
        1.0,
        1.0,
        1.0,
        1.0
      ]
    },
    "demand_violations": {
      "mean": 0.0025097134057432413,
      "median": 0.00029027462005615234,
      "std": 0.00831808801740408,
      "min": 5.435943603515625e-05,
      "max": 0.03928089141845703,
      "lb_ci": -0.00046682190944855777,
      "ub_ci": 0.00548624872093504,
      "value": [
        0.0002849102020263672,
        0.0008127689361572266,
        0.0004050731658935547,
        0.0006161928176879883,
        0.00029027462005615234,
        0.0008094310760498047,
        0.00037467479705810547,
        0.0002123117446899414,
        0.00013566017150878906,
        0.00045299530029296875,
        0.0005769729614257812,
        0.000560760498046875,
        0.03928089141845703,
        0.00025832653045654297,
        0.00019979476928710938,
        0.000194549560546875,
        0.00036919116973876953,
        0.00013387203216552734,
        0.0009917020797729492,
        0.025434136390686035,
        0.0004106760025024414,
        0.00012886524200439453,
        0.00017380714416503906,
        0.00026237964630126953,
        5.435943603515625e-05,
        0.0008238554000854492,
        0.0002580881118774414,
        0.00029158592224121094,
        0.0002435445785522461,
        0.0002497434616088867
      ]
    },
    "capacity_violations": {
      "mean": 0.0010102197993546724,
      "median": 0.000551478355191648,
      "std": 0.001009828527458012,
      "min": 5.9890939155593514e-05,
      "max": 0.0036222427152097225,
      "lb_ci": 0.0006488638882393011,
      "ub_ci": 0.0013715757104700438,
      "value": [
        0.000551478355191648,
        0.0021399320103228092,
        0.00015655485913157463,
        0.0005250917747616768,
        0.001145967748016119,
        0.0008332155412063003,
        7.867197564337403e-05,
        0.0012639249907806516,
        0.00010747495980467647,
        0.0020073906052857637,
        0.0008732129354029894,
        0.003336992347612977,
        0.0010918810730800033,
        0.0026670817751437426,
        0.00036666911910288036,
        0.00023671130475122482,
        0.001325884135439992,
        0.00018412368081044406,
        0.00136683345772326,
        0.000197051209397614,
        0.0028408095240592957,
        0.0002758047776296735,
        0.0004157234216108918,
        0.0003728034207597375,
        0.0005121540161781013,
        0.0036222427152097225,
        5.9890939155593514e-05,
        0.001020223367959261,
        0.00013335206313058734,
        0.0005974411033093929
      ]
    },
    "stability_violations": {
      "mean": 0.0012714853510260582,
      "median": 0.0012042783200740814,
      "std": 0.0011952874483540654,
      "min": 0.0,
      "max": 0.0045779310166835785,
      "lb_ci": 0.000843765027030052,
      "ub_ci": 0.0016992056750220644,
      "value": [
        0.0012418180704116821,
        0.001216888427734375,
        0.00029263272881507874,
        0.0,
        0.0010064542293548584,
        0.001172080636024475,
        0.003159414976835251,
        0.001399993896484375,
        0.0012042783200740814,
        0.0015265606343746185,
        0.0,
        3.6716461181640625e-05,
        6.740912795066833e-05,
        0.0022253990173339844,
        0.0004914477467536926,
        0.0004100501537322998,
        0.0016817022114992142,
        0.0,
        0.0017849169671535492,
        0.003452245146036148,
        0.0,
        0.0015232525765895844,
        1.8656253814697266e-05,
        0.0001257099211215973,
        0.0017090700566768646,
        0.0045779310166835785,
        0.0036473870277404785,
        0.0016146041452884674,
        0.0011832602322101593,
        0.0013746768236160278
      ]
    },
    "pbs_violations": {
      "mean": 0.0,
      "median": 0.0,
      "std": 0.0,
      "min": 0.0,
      "max": 0.0,
      "lb_ci": 0.0,
      "ub_ci": 0.0,