{
  "folder": "sac-vp",
  "ports": 4,
  "gen": false,
  "CV": 0.5,
  "proj": "UVP",
  "eta_v": "svd",
  "iters": "10",
  "source_log": "output_files/output429066.log",
  "result": {
    "total_profit": {
      "mean": 1321.11474609375,
      "median": 1318.94482421875,
      "std": 83.64476776123047,
      "min": 1180.47412109375,
      "max": 1471.6995849609375,
      "lb_ci": 1291.1833959263327,
      "ub_ci": 1351.0460962611673,
      "value": [
        1398.426513671875,
        1435.08544921875,
        1387.088623046875,
        1227.0126953125,
        1284.3658447265625,
        1422.0321044921875,
        1259.814453125,
        1332.844970703125,
        1346.617431640625,
        1411.274169921875,
        1471.6995849609375,
        1369.848876953125,
        1251.721923828125,
        1364.46533203125,
        1365.481201171875,
        1300.147216796875,
        1212.2022705078125,
        1293.441650390625,
        1212.7552490234375,
        1287.865234375,
        1318.94482421875,
        1202.2576904296875,
        1224.259033203125,
        1444.408447265625,
        1315.172119140625,
        1194.757568359375,
        1319.63427734375,
        1394.9178466796875,
        1404.42529296875,
        1180.47412109375
      ]
    },
    "total_violations": {
      "mean": 192.90945434570312,
      "median": 191.29978942871094,
      "std": 15.006522178649902,
      "min": 160.6087646484375,
      "max": 220.7890625,
      "lb_ci": 187.53953722899288,
      "ub_ci": 198.27937146241337,
      "value": [
        193.75396728515625,
        191.08477783203125,
        160.6087646484375,
        186.81903076171875,
        205.19744873046875,
        189.7515106201172,
        208.78558349609375,
        191.31332397460938,
        202.80435180664062,
        191.29978942871094,
        184.55389404296875,
        189.68124389648438,
        181.3125,
        211.35211181640625,
        185.67733764648438,
        194.8268280029297,
        181.11891174316406,
        163.59466552734375,
        198.90252685546875,
        189.8184814453125,
        177.134033203125,
        217.11105346679688,
        190.6611328125,
        163.84161376953125,
        213.75958251953125,
        205.70697021484375,
        197.32127380371094,
        191.84518432617188,
        206.8560791015625,
        220.7890625
      ]
    },
    "inference_times": {
      "mean": 0.8583691120147705,
      "median": 0.8504911065101624,
      "std": 0.03646865114569664,
      "min": 0.8490818738937378,
      "max": 1.050574779510498,
      "lb_ci": 0.8453192106665935,
      "ub_ci": 0.8714190133629475,
      "value": [
        0.8518767356872559,
        0.8527751564979553,
        0.8508553504943848,
        0.8515709042549133,
        0.850933849811554,
        0.8504911065101624,
        0.8500519394874573,
        0.849798321723938,
        0.8597238063812256,
        0.8511049747467041,
        0.8515203595161438,
        0.8505140542984009,
        0.8493253588676453,
        1.050574779510498,
        0.8499377369880676,
        0.8502982258796692,
        0.8560521602630615,
        0.8499869108200073,
        0.8494833707809448,
        0.8492729067802429,
        0.8496885895729065,
        0.8510710000991821,
        0.8494166135787964,
        0.8496196866035461,
        0.8490818738937378,
        0.8492622375488281,
        0.853198230266571,
        0.8503391742706299,
        0.8601459860801697,
        0.8631003499031067
      ]
    },
    "feasible_instance": {
      "mean": 0.0,
      "median": 0.0,
      "std": 0.0,
      "min": 0.0,
      "max": 0.0,
      "lb_ci": 0.0,
      "ub_ci": 0.0,
      "value": [
        0.0,
        0.0,
        0.0,
        0.0,
        0.0,
        0.0,
        0.0,
        0.0,
        0.0,
        0.0,
        0.0,
        0.0,
        0.0,
        0.0,
        0.0,
        0.0,
        0.0,
        0.0,
        0.0,
        0.0,
        0.0,
        0.0,
        0.0,
        0.0,
        0.0,
        0.0,
        0.0,
        0.0,
        0.0,
        0.0
      ]
    },
    "demand_violations": {
      "mean": 173.14051818847656,
      "median": 174.50730895996094,
      "std": 16.449871063232422,
      "min": 132.65582275390625,
      "max": 210.41986083984375,
      "lb_ci": 167.2541147208028,
      "ub_ci": 179.02692165615034,
      "value": [
        170.0978240966797,
        171.31185913085938,
        132.65582275390625,
        174.50730895996094,
        185.49786376953125,
        168.15399169921875,
        182.38739013671875,
        164.17892456054688,
        178.86813354492188,
        163.77293395996094,
        170.13330078125,
        181.80172729492188,
        167.382080078125,
        185.1044158935547,
        162.18838500976562,
        186.1675567626953,
        157.7292938232422,
        143.33180236816406,
        182.2464599609375,
        182.78936767578125,
        165.7937774658203,
        210.41986083984375,
        177.2634735107422,
        138.1665802001953,
        183.1735076904297,
        182.60409545898438,
        179.4120330810547,
        161.0167236328125,
        196.65333557128906,
        189.40548706054688
      ]
    },
    "capacity_violations": {
      "mean": 8.298002243041992,
      "median": 7.800370216369629,
      "std": 3.3881008625030518,
      "min": 0.9199854135513306,
      "max": 16.72374725341797,
      "lb_ci": 7.085608018843892,
      "ub_ci": 9.510396467240092,
      "value": [
        8.364236831665039,
        5.344853401184082,
        16.72374725341797,
        6.213841438293457,
        8.585360527038574,
        9.988445281982422,
        5.128875732421875,
        9.52971363067627,
        7.199894905090332,
        10.31859302520752,
        7.800370216369629,
        3.697768449783325,
        13.161746978759766,
        7.828080654144287,
        14.235337257385254,
        6.587349891662598,
        10.581216812133789,
        11.757478713989258,
        6.013384819030762,
        6.4993696212768555,
        8.199758529663086,
        0.9199854135513306,
        7.405832290649414,
        10.51118278503418,
        4.379051685333252,
        6.099219799041748,
        6.869148254394531,
        10.973745346069336,
        5.17750358581543,
        12.844972610473633
      ]
    },
    "stability_violations": {
      "mean": 11.47092342376709,
      "median": 11.114229202270508,
      "std": 6.606399059295654,
      "min": 0.5297518372535706,
      "max": 26.20703125,
      "lb_ci": 9.106896971402112,
      "ub_ci": 13.834949876132068,
      "value": [
        15.291903495788574,
        14.428060531616211,
        11.229169845581055,
        6.097873687744141,
        11.114229202270508,
        11.609079360961914,
        21.269325256347656,
        17.60471534729004,
        16.73633575439453,
        17.208271026611328,
        6.620222091674805,
        4.181745529174805,
        0.7686848044395447,
        18.419628143310547,
        9.25360107421875,
        2.071913242340088,
        12.808403015136719,
        8.505376815795898,
        10.642675399780273,
        0.5297518372535706,
        3.1404926776885986,
        5.771220684051514,
        5.991823196411133,
        15.163849830627441,
        26.20703125,
        17.00367546081543,
        11.040091514587402,
        19.85470199584961,
        5.025233268737793,
        18.538612365722656
      ]
    },
    "pbs_violations": {
      "mean": 0.0,
      "median": 0.0,
      "std": 0.0,
      "min": 0.0,
      "max": 0.0,
      "lb_ci": 0.0,
      "ub_ci": 0.0,
      "value": [
        0.0,
        0.0,
        0.0,
        0.0,
        0.0,
        0.0,
        0.0,
        0.0,
        0.0,
        0.0,
        0.0,
        0.0,
        0.0,
        0.0,
        0.0,
        0.0,
        0.0,
        0.0,
        0.0,
        0.0,
        0.0,
        0.0,
        0.0,
        0.0,
        0.0,
        0.0,
        0.0,
        0.0,
        0.0,
        0.0
      ]
    },