{
  "folder": "sac-vp",
  "ports": 4,
  "gen": false,
  "CV": 0.5,
  "proj": "UVP",
  "eta_v": "svd",
  "iters": "150",
  "source_log": "output_files/output426249.log",
  "result": {
    "total_profit": {
      "mean": 1486.255859375,
      "median": 1494.3414306640625,
      "std": 90.29580688476562,
      "min": 1243.4423828125,
      "max": 1624.510498046875,
      "lb_ci": 1453.944508804545,
      "ub_ci": 1518.567209945455,
      "value": [
        1544.8057861328125,
        1588.2781982421875,
        1482.0008544921875,
        1502.205322265625,
        1459.1522216796875,
        1562.450439453125,
        1464.696533203125,
        1487.666015625,
        1518.98046875,
        1538.418212890625,
        1624.510498046875,
        1511.098876953125,
        1490.382080078125,
        1566.9248046875,
        1511.968994140625,
        1515.3126220703125,
        1295.343505859375,
        1460.6864013671875,
        1465.9288330078125,
        1461.03125,
        1477.620849609375,
        1243.4423828125,
        1368.8226318359375,
        1500.6982421875,
        1494.3414306640625,
        1463.978515625,
        1609.847900390625,
        1495.309814453125,
        1602.99365234375,
        1278.776123046875
      ]
    },
    "total_violations": {
      "mean": 0.011784661561250687,
      "median": 0.0,
      "std": 0.02419762872159481,
      "min": 0.0,
      "max": 0.09316778182983398,
      "lb_ci": 0.003125809156343815,
      "ub_ci": 0.02044351396615756,
      "value": [
        0.016538023948669434,
        0.019553422927856445,
        0.0,
        0.0,
        0.09316778182983398,
        0.0,
        0.06616568565368652,
        0.0,
        0.07797455787658691,
        0.01172780990600586,
        0.0,
        0.0,
        0.017031311988830566,
        0.0,
        0.0,
        0.0,
        0.0,
        0.0,
        0.0,
        2.3484230041503906e-05,
        0.0,
        0.0,
        0.011600494384765625,
        0.0,
        0.01968669891357422,
        0.0,
        0.020070552825927734,
        0.0,
        0.0,
        0.0
      ]
    },
    "inference_times": {
      "mean": 2.1359634399414062,
      "median": 2.1291017532348633,
      "std": 0.03647099435329437,
      "min": 2.127044200897217,
      "max": 2.328871488571167,
      "lb_ci": 2.1229127001024426,
      "ub_ci": 2.14901417978037,
      "value": [
        2.1321516036987305,
        2.1317977905273438,
        2.1304404735565186,
        2.130237340927124,
        2.1313037872314453,
        2.1306135654449463,
        2.1305718421936035,
        2.130319118499756,
        2.131195068359375,
        2.1297824382781982,
        2.1334428787231445,
        2.128753900527954,
        2.129216194152832,
        2.328871488571167,
        2.1278016567230225,
        2.1281330585479736,
        2.129835605621338,
        2.127657175064087,
        2.1291017532348633,
        2.127817153930664,
        2.129028081893921,
        2.128089427947998,
        2.127044200897217,
        2.1279666423797607,
        2.129220962524414,
        2.127305269241333,
        2.1273081302642822,
        2.1277365684509277,
        2.127784252166748,
        2.128373146057129
      ]
    },
    "feasible_instance": {
      "mean": 1.0,
      "median": 1.0,
      "std": 0.0,
      "min": 1.0,
      "max": 1.0,
      "lb_ci": 1.0,
      "ub_ci": 1.0,
      "value": [
        1.0,
        1.0,
        1.0,
        1.0,
        1.0,
        1.0,
        1.0,
        1.0,
        1.0,
        1.0,
        1.0,
        1.0,
        1.0,
        1.0,
        1.0,
        1.0,
        1.0,
        1.0,
        1.0,
        1.0,
        1.0,
        1.0,
        1.0,
        1.0,
        1.0,
        1.0,
        1.0,
        1.0,
        1.0,
        1.0
      ]
    },
    "demand_violations": {
      "mean": 0.011784661561250687,
      "median": 0.0,
      "std": 0.02419762872159481,
      "min": 0.0,
      "max": 0.09316778182983398,
      "lb_ci": 0.003125809156343815,
      "ub_ci": 0.02044351396615756,
      "value": [
        0.016538023948669434,
        0.019553422927856445,
        0.0,
        0.0,
        0.09316778182983398,
        0.0,
        0.06616568565368652,
        0.0,
        0.07797455787658691,
        0.01172780990600586,
        0.0,
        0.0,
        0.017031311988830566,
        0.0,
        0.0,
        0.0,
        0.0,
        0.0,
        0.0,
        2.3484230041503906e-05,
        0.0,
        0.0,
        0.011600494384765625,
        0.0,
        0.01968669891357422,
        0.0,
        0.020070552825927734,
        0.0,
        0.0,
        0.0
      ]
    },
    "capacity_violations": {
      "mean": 0.0,
      "median": 0.0,
      "std": 0.0,
      "min": 0.0,
      "max": 0.0,
      "lb_ci": 0.0,
      "ub_ci": 0.0,
      "value": [
        0.0,
        0.0,
        0.0,
        0.0,
        0.0,
        0.0,
        0.0,
        0.0,
        0.0,
        0.0,
        0.0,
        0.0,
        0.0,
        0.0,
        0.0,
        0.0,
        0.0,
        0.0,
        0.0,
        0.0,
        0.0,
        0.0,
        0.0,
        0.0,
        0.0,
        0.0,
        0.0,
        0.0,
        0.0,
        0.0
      ]
    },
    "stability_violations": {
      "mean": 0.0,
      "median": 0.0,
      "std": 0.0,
      "min": 0.0,
      "max": 0.0,
      "lb_ci": 0.0,
      "ub_ci": 0.0,
      "value": [
        0.0,
        0.0,
        0.0,
        0.0,
        0.0,
        0.0,
        0.0,
        0.0,
        0.0,
        0.0,
        0.0,
        0.0,
        0.0,
        0.0,
        0.0,
        0.0,
        0.0,
        0.0,
        0.0,
        0.0,
        0.0,
        0.0,
        0.0,
        0.0,
        0.0,
        0.0,
        0.0,
        0.0,
        0.0,
        0.0
      ]
    },
    "pbs_violations": {
      "mean": 0.0,
      "median": 0.0,
      "std": 0.0,
      "min": 0.0,
      "max": 0.0,
      "lb_ci": 0.0,
      "ub_ci": 0.0,
      "value": [
        0.0,
        0.0,
        0.0,
        0.0,
        0.0,
        0.0,
        0.0,
        0.0,
        0.0,
        0.0,
        0.0,
        0.0,
        0.0,
        0.0,
        0.0,
        0.0,
        0.0,
        0.0,
        0.0,
        0.0,
        0.0,
        0.0,
        0.0,
        0.0,
        0.0,
        0.0,
        0.0,
        0.0,
        0.0,
        0.0
      ]
    },
    "max_revenues": {
      "mean": 1745.94775390625,
      "median": 1709.6295166015625,
      "std": 187.9219207763672,
      "min": 1308.4619140625,
      "max": 2201.288818359375,
      "lb_ci": 1678.7019839024724,
      "ub_ci": 1813.1935239100276,
      "value": [
        1839.491943359375,
        1791.8486328125,
        2049.11767578125,
        1624.199951171875,
        1709.6295166015625,
        1850.046142578125,
        1540.6533203125,
        1869.38037109375,
        1669.1796875,
        1958.91455078125,
        1838.7838134765625,
        1574.36328125,
        2201.288818359375,
        1816.5750732421875,
        2007.0399169921875,
        1661.64892578125,
        1651.017333984375,
        1950.12939453125,
        1531.272216796875,
        1579.317626953125,
        1696.7943115234375,
        1308.4619140625,
        1587.370849609375,
        1849.0548095703125,
        1562.3983154296875,
        1565.88671875,
        1750.78271484375,
        1925.248779296875,
        1659.4044189453125,
        1759.1279296875
      ]
    }
  }
}