{
  "folder": "sac-vp",
  "ports": 4,
  "gen": false,
  "CV": 0.5,
  "proj": "UVP",
  "eta_v": "svd",
  "iters": "50",
  "source_log": "output_files/output428021.log",
  "result": {
    "total_profit": {
      "mean": 1484.9324951171875,
      "median": 1493.5782470703125,
      "std": 89.91935729980469,
      "min": 1243.646484375,
      "max": 1624.1663818359375,
      "lb_ci": 1452.755852845284,
      "ub_ci": 1517.109137389091,
      "value": [
        1539.23828125,
        1585.8629150390625,
        1481.5302734375,
        1502.363525390625,
        1456.828125,
        1561.6806640625,
        1464.0408935546875,
        1486.9342041015625,
        1517.700927734375,
        1536.2122802734375,
        1624.1663818359375,
        1511.2850341796875,
        1488.4908447265625,
        1566.933837890625,
        1511.26953125,
        1510.708984375,
        1294.97607421875,
        1459.007568359375,
        1465.93212890625,
        1458.20751953125,
        1477.32568359375,
        1243.646484375,
        1367.44482421875,
        1499.3365478515625,
        1494.439208984375,
        1461.625,
        1605.687255859375,
        1493.5782470703125,
        1603.113525390625,
        1278.406494140625
      ]
    },
    "total_violations": {
      "mean": 1.6017316579818726,
      "median": 1.4441243410110474,
      "std": 0.5939186215400696,
      "min": 0.6862741708755493,
      "max": 2.7549712657928467,
      "lb_ci": 1.3892044825462184,
      "ub_ci": 1.8142588334175267,
      "value": [
        1.9306588172912598,
        2.5922038555145264,
        0.6862741708755493,
        1.130645751953125,
        1.5558137893676758,
        1.322674036026001,
        2.7549712657928467,
        1.1828750371932983,
        1.37838613986969,
        2.0336639881134033,
        0.8074666857719421,
        0.9517229795455933,
        2.078787326812744,
        1.1176059246063232,
        1.0366578102111816,
        2.177907705307007,
        1.2862865924835205,
        1.0765389204025269,
        1.0905624628067017,
        2.6165924072265625,
        1.9685142040252686,
        0.9641242027282715,
        0.9579224586486816,
        1.4441243410110474,
        2.2194576263427734,
        2.302600622177124,
        2.2326600551605225,
        1.9794509410858154,
        1.4631969928741455,
        1.7116010189056396
      ]
    },
    "inference_times": {
      "mean": 1.2339338064193726,
      "median": 1.22688889503479,
      "std": 0.03666694462299347,
      "min": 1.2247238159179688,
      "max": 1.427854299545288,
      "lb_ci": 1.2208129479550036,
      "ub_ci": 1.2470546648837415,
      "value": [
        1.2279351949691772,
        1.2295746803283691,
        1.22744619846344,
        1.2286407947540283,
        1.2269423007965088,
        1.2258504629135132,
        1.2254095077514648,
        1.2267390489578247,
        1.2268511056900024,
        1.2303743362426758,
        1.2303259372711182,
        1.2267411947250366,
        1.2284432649612427,
        1.427854299545288,
        1.2289503812789917,
        1.2293108701705933,
        1.226489782333374,
        1.22688889503479,
        1.2308683395385742,
        1.227128505706787,
        1.227391004562378,
        1.2286773920059204,
        1.2247238159179688,
        1.2255733013153076,
        1.2249722480773926,
        1.2254492044448853,
        1.2251040935516357,
        1.225772500038147,
        1.2249926328659058,
        1.2265899181365967
      ]
    },
    "feasible_instance": {
      "mean": 0.0,
      "median": 0.0,
      "std": 0.0,
      "min": 0.0,
      "max": 0.0,
      "lb_ci": 0.0,
      "ub_ci": 0.0,
      "value": [
        0.0,
        0.0,
        0.0,
        0.0,
        0.0,
        0.0,
        0.0,
        0.0,
        0.0,
        0.0,
        0.0,
        0.0,
        0.0,
        0.0,
        0.0,
        0.0,
        0.0,
        0.0,
        0.0,
        0.0,
        0.0,
        0.0,
        0.0,
        0.0,
        0.0,
        0.0,
        0.0,
        0.0,
        0.0,
        0.0
      ]
    },
    "demand_violations": {
      "mean": 1.5393081903457642,
      "median": 1.3684115409851074,
      "std": 0.5728392601013184,
      "min": 0.627051591873169,
      "max": 2.64682936668396,
      "lb_ci": 1.334324030037247,
      "ub_ci": 1.7442923506542813,
      "value": [
        1.877995252609253,
        2.3762319087982178,
        0.627051591873169,
        1.1125261783599854,
        1.5180480480194092,
        1.2695268392562866,
        2.64682936668396,
        1.11604642868042,
        1.3126530647277832,
        1.9015511274337769,
        0.7946583032608032,
        0.936802864074707,
        2.066373348236084,
        1.019863247871399,
        0.9946402311325073,
        2.1684799194335938,
        1.1692112684249878,
        1.0765389204025269,
        1.0757919549942017,
        2.6165924072265625,
        1.9441574811935425,
        0.9337904453277588,
        0.9305504560470581,
        1.3684115409851074,
        2.0939769744873047,
        2.159721851348877,
        2.166440963745117,
        1.8836756944656372,
        1.4631969928741455,
        1.5579105615615845
      ]
    },
    "capacity_violations": {
      "mean": 0.0,
      "median": 0.0,
      "std": 0.0,
      "min": 0.0,
      "max": 0.0,
      "lb_ci": 0.0,
      "ub_ci": 0.0,
      "value": [
        0.0,
        0.0,
        0.0,
        0.0,
        0.0,
        0.0,
        0.0,
        0.0,
        0.0,
        0.0,
        0.0,
        0.0,
        0.0,
        0.0,
        0.0,
        0.0,
        0.0,
        0.0,
        0.0,
        0.0,
        0.0,
        0.0,
        0.0,
        0.0,
        0.0,
        0.0,
        0.0,
        0.0,
        0.0,
        0.0
      ]
    },
    "stability_violations": {
      "mean": 0.06242344528436661,
      "median": 0.05266353487968445,
      "std": 0.05437598004937172,
      "min": 0.0,
      "max": 0.2159719616174698,
      "lb_ci": 0.042965605384563454,
      "ub_ci": 0.08188128518416976,
      "value": [
        0.05266353487968445,
        0.2159719616174698,
        0.05922256410121918,
        0.018119633197784424,
        0.0377657450735569,
        0.05314728617668152,
        0.10814200341701508,
        0.06682854890823364,
        0.06573309004306793,
        0.13211290538311005,
        0.012808367609977722,
        0.014920085668563843,
        0.012414097785949707,
        0.09774266928434372,
        0.042017653584480286,
        0.009427636861801147,
        0.11707539111375809,
        0.0,
        0.014770548790693283,
        0.0,
        0.024356752634048462,
        0.030333764851093292,
        0.027371972799301147,
        0.07571285963058472,
        0.12548066675662994,
        0.14287874102592468,
        0.06621906161308289,
        0.0957752987742424,
        0.0,
        0.15369044244289398
      ]
    },
    "pbs_violations": {
      "mean": 0.0,
      "median": 0.0,
      "std": 0.0,
      "min": 0.0,
      "max": 0.0,
      "lb_ci": 0.0,
      "ub_ci": 0.0,
      "value": [
        0.0,
        0.0,
        0.0,
        0.0,
        0.0,
        0.0,
        0.0,
        0.0,
        0.0,
        0.0,
        0.0,
        0.0,
        0.0,
        0.0,
        0.0,
        0.0,
        0.0,
        0.0,
        0.0,
        0.0,
        0.0,
        0.0,
        0.0,
        0.0,
        0.0,
        0.0,
        0.0,
        0.0,
        0.0,
        0.0
      ]
    },
    "max_revenues": {
      "mean": 1745.94775390625,
      "median": 1709.6295166015625,
      "std": 187.9219207763672,
      "min": 1308.4619140625,
      "max": 2201.288818359375,
      "lb_ci": 1678.7019839024724,
      "ub_ci": 1813.1935239100276,