{
  "folder": "sac-vp",
  "ports": 4,
  "gen": true,
  "CV": 0.3,
  "proj": "UVP+R",
  "eta_v": "svd",
  "iters": "100",
  "source_log": "output_files/output435789.log",
  "result": {
    "total_profit": {
      "mean": 1512.73193359375,
      "median": 1509.41943359375,
      "std": 95.89523315429688,
      "min": 1306.8017578125,
      "max": 1721.125244140625,
      "lb_ci": 1478.4168905880624,
      "ub_ci": 1547.0469765994376,
      "value": [
        1558.43701171875,
        1592.8704833984375,
        1431.8011474609375,
        1584.9031982421875,
        1403.3203125,
        1495.77880859375,
        1306.8017578125,
        1487.493896484375,
        1567.796142578125,
        1624.277099609375,
        1552.169921875,
        1672.5286865234375,
        1532.5992431640625,
        1553.1563720703125,
        1598.7703857421875,
        1436.07177734375,
        1402.529296875,
        1510.8154296875,
        1617.053466796875,
        1428.3331298828125,
        1512.314208984375,
        1409.6468505859375,
        1365.26171875,
        1509.41943359375,
        1397.08349609375,
        1623.4312744140625,
        1505.6280517578125,
        1473.241455078125,
        1721.125244140625,
        1507.296630859375
      ]
    },
    "total_violations": {
      "mean": 0.005127228796482086,
      "median": 0.0029911301098763943,
      "std": 0.009736718609929085,
      "min": 0.0007700982969254255,
      "max": 0.054815009236335754,
      "lb_ci": 0.0016430522963175962,
      "ub_ci": 0.008611405296646576,
      "value": [
        0.0031514535658061504,
        0.0035921293310821056,
        0.005147560499608517,
        0.0007871775887906551,
        0.0022991953883320093,
        0.004013829864561558,
        0.0030272940639406443,
        0.001713021658360958,
        0.006875939201563597,
        0.0031268722377717495,
        0.002318250248208642,
        0.0013222654815763235,
        0.006595343817025423,
        0.054815009236335754,
        0.0016332229133695364,
        0.004402915947139263,
        0.0007700982969254255,
        0.0012633923906832933,
        0.0016890047118067741,
        0.013579406775534153,
        0.0034976403694599867,
        0.0020437375642359257,
        0.003694807877764106,
        0.0009602307109162211,
        0.005501129664480686,
        0.0024080872535705566,
        0.006848313845694065,
        0.0029911301098763943,
        0.0012664893874898553,
        0.0024818964302539825
      ]
    },
    "inference_times": {
      "mean": 4.938771724700928,
      "median": 4.9462103843688965,
      "std": 0.36941614747047424,
      "min": 4.072689533233643,
      "max": 5.649982452392578,
      "lb_ci": 4.806580263556576,
      "ub_ci": 5.0709631858452795,
      "value": [
        4.859093189239502,
        5.039464950561523,
        5.387436866760254,
        5.016380786895752,
        4.157363414764404,
        5.649982452392578,
        4.905210018157959,
        4.994695663452148,
        4.882511138916016,
        5.023556709289551,
        4.9462103843688965,
        5.148430347442627,
        4.798790454864502,
        4.883258819580078,
        4.504858016967773,
        5.159877777099609,
        5.173690319061279,
        4.931643009185791,
        4.6164326667785645,
        5.400145530700684,
        5.092397689819336,
        4.852980136871338,
        4.979903221130371,
        5.121333599090576,
        5.505613327026367,
        4.849073886871338,
        5.328305244445801,
        4.072689533233643,
        4.182098388671875,
        4.699705123901367
      ]
    },
    "feasible_instance": {
      "mean": 1.0,
      "median": 1.0,
      "std": 0.0,
      "min": 1.0,
      "max": 1.0,
      "lb_ci": 1.0,
      "ub_ci": 1.0,
      "value": [
        1.0,
        1.0,
        1.0,
        1.0,
        1.0,
        1.0,
        1.0,
        1.0,
        1.0,
        1.0,
        1.0,
        1.0,
        1.0,
        1.0,
        1.0,
        1.0,
        1.0,
        1.0,
        1.0,
        1.0,
        1.0,
        1.0,
        1.0,
        1.0,
        1.0,
        1.0,
        1.0,
        1.0,
        1.0,
        1.0
      ]
    },
    "demand_violations": {
      "mean": 0.0024931312073022127,
      "median": 0.0004309415817260742,
      "std": 0.008805318735539913,
      "min": 8.702278137207031e-05,
      "max": 0.04845404624938965,
      "lb_ci": -0.0006577542032652505,
      "ub_ci": 0.0056440166178696755,
      "value": [
        8.702278137207031e-05,
        0.00040662288665771484,
        0.0020145177841186523,
        0.00023257732391357422,
        0.00032258033752441406,
        0.0006520748138427734,
        0.00033223628997802734,
        0.0006096363067626953,
        0.0003224611282348633,
        0.00035965442657470703,
        0.0006633996963500977,
        0.0005549192428588867,
        0.0010665655136108398,
        0.04845404624938965,
        0.0004017353057861328,
        0.00025177001953125,
        0.00019216537475585938,
        0.0006111860275268555,
        0.0004309415817260742,
        0.007583141326904297,
        0.00022208690643310547,
        0.00031363964080810547,
        0.0022743940353393555,
        0.0006145238876342773,
        0.0005491971969604492,
        0.00014543533325195312,
        0.0038411617279052734,
        0.000592350959777832,
        0.000496983528137207,
        0.00019490718841552734
      ]
    },
    "capacity_violations": {
      "mean": 0.000981134013272822,
      "median": 0.00041701627196744084,
      "std": 0.0011496735969558358,
      "min": 4.922511652694084e-05,
      "max": 0.0053940159268677235,
      "lb_ci": 0.0005697360988575589,
      "ub_ci": 0.001392531927688085,
      "value": [
        0.0005351672880351543,
        0.0017147655598819256,
        0.0022266418673098087,
        0.0005546002648770809,
        0.0011214709375053644,
        0.0014012071769684553,
        0.0002215992280980572,
        4.922511652694084e-05,
        0.0002444012206979096,
        0.0013583353720605373,
        0.001576932379975915,
        0.00011550243652891368,
        0.0053940159268677235,
        0.0003719814703799784,
        0.0007753184181638062,
        0.002263716422021389,
        0.0001592177723068744,
        0.00027529639191925526,
        0.00019111757865175605,
        0.002942708320915699,
        0.0023234770633280277,
        0.00020715445862151682,
        0.0005339549970813096,
        0.0002531445352360606,
        0.0003551493864506483,
        0.0009381213458254933,
        0.00015235051978379488,
        0.0003757339436560869,
        0.00038469460560008883,
        0.00041701627196744084
      ]
    },
    "stability_violations": {
      "mean": 0.0016529629938304424,
      "median": 0.001066945493221283,
      "std": 0.001604592427611351,
      "min": 0.0,
      "max": 0.006309077143669128,
      "lb_ci": 0.0010787774337256016,
      "ub_ci": 0.002227148553935283,
      "value": [
        0.0025292634963989258,
        0.0014707408845424652,
        0.0009064003825187683,
        0.0,
        0.0008551441133022308,
        0.0019605476409196854,
        0.0024734586477279663,
        0.0010541602969169617,
        0.006309077143669128,
        0.0014088824391365051,
        7.79181718826294e-05,
        0.0006518438458442688,
        0.00013476237654685974,
        0.00598897784948349,
        0.0004561692476272583,
        0.0018874295055866241,
        0.0004187151789665222,
        0.0003769099712371826,
        0.001066945493221283,
        0.003053557127714157,
        0.0009520761668682098,
        0.001522943377494812,
        0.0008864589035511017,
        9.256228804588318e-05,
        0.004596782848238945,
        0.001324530690908432,
        0.0028548017144203186,
        0.0020230449736118317,
        0.00038481131196022034,
        0.0018699727952480316
      ]
    },
    "pbs_violations": {
      "mean": 0.0,
      "median": 0.0,
      "std": 0.0,
      "min": 0.0,