{
    "Objective": {
        "n": 30,
        "mean": 1649.727623751115,
        "std": 138.8059017321695,
        "95% CI": [
            1600.056569735326,
            1699.398677766904
        ],
        "min": 1402.5848246764813,
        "max": 1924.4798540995903
    },
    "Time": {
        "n": 30,
        "mean": 707.4170606414011,
        "std": 7.920551195979855,
        "95% CI": [
            704.5827277968982,
            710.251393485904
        ],
        "min": 691.1530046849512,
        "max": 719.3873920338228
    },
    "Load": {
        "n": 30,
        "mean": 1211.9780046019107,
        "std": 83.22771677223396,
        "95% CI": [
            1182.1953486498523,
            1241.760660553969
        ],
        "min": 1074.8970031377944,
        "max": 1413.363262173048
    },
    "Demand": {
        "n": 30,
        "mean": 1167.4101804083361,
        "std": 83.84771012658616,
        "95% CI": [
            1137.4056626837655,
            1197.4146981329068
        ],
        "min": 1030.0767321734504,
        "max": 1383.663896483276
    },
    "Revenue": {
        "n": 30,
        "mean": 1689.4534443383902,
        "std": 139.1642162457639,
        "95% CI": [
            1639.65416912064,
            1739.2527195561404
        ],
        "min": 1442.2924129196342,
        "max": 1965.1669929709724
    },
    "Cost": {
        "n": 30,
        "mean": 0.0,
        "std": 0.0,
        "95% CI": [
            0.0,
            0.0
        ],
        "min": 0.0,
        "max": 0.0
    }
}