{
    "Objective": {
        "n": 30,
        "mean": 1665.8930104305546,
        "std": 170.19177324379984,
        "95% CI": [
            1604.9906665363649,
            1726.7953543247443
        ],
        "min": 1344.3263136449618,
        "max": 2060.5920791458125
    },
    "Time": {
        "n": 30,
        "mean": 3.264480253945415,
        "std": 0.11147422127171817,
        "95% CI": [
            3.224589716172465,
            3.3043707917183656
        ],
        "min": 3.0866452832706273,
        "max": 3.379282306879759
    },
    "Load": {
        "n": 30,
        "mean": 1288.6217852930934,
        "std": 106.8384464829225,
        "95% CI": [
            1250.39013822339,
            1326.8534323627966
        ],
        "min": 1081.1605825540928,
        "max": 1495.989807625801
    },
    "Demand": {
        "n": 30,
        "mean": 1181.375773876667,
        "std": 111.66522765046481,
        "95% CI": [
            1141.4168853489023,
            1221.3346624044316
        ],
        "min": 948.9915423774719,
        "max": 1452.623420820236
    },
    "Revenue": {
        "n": 30,
        "mean": 1756.8171320279741,
        "std": 167.02464599027553,
        "95% CI": [
            1697.0481300660908,
            1816.5861339898574
        ],
        "min": 1426.1348436071758,
        "max": 2134.9302633423044
    },
    "Cost": {
        "n": 30,
        "mean": 0.0,
        "std": 0.0,
        "95% CI": [
            0.0,
            0.0
        ],
        "min": 0.0,
        "max": 0.0
    }
}