{
    "Objective": {
        "n": 30,
        "mean": 1725.2673077055572,
        "std": 147.8759403991018,
        "95% CI": [
            1672.3505820365572,
            1778.1840333745572
        ],
        "min": 1489.7373925661113,
        "max": 2042.3802501965697
    },
    "Time": {
        "n": 30,
        "mean": 706.8883936204171,
        "std": 7.4569813227145,
        "95% CI": [
            704.2199471246048,
            709.5568401162294
        ],
        "min": 686.9137410949916,
        "max": 715.1501758219674
    },
    "Load": {
        "n": 30,
        "mean": 1250.4310547593948,
        "std": 98.0052850690446,
        "95% CI": [
            1215.3603139065287,
            1285.5017956122608
        ],
        "min": 1075.7934441344753,
        "max": 1445.0806558227337
    },
    "Demand": {
        "n": 30,
        "mean": 1203.890409993345,
        "std": 96.77814817145394,
        "95% CI": [
            1169.258794439651,
            1238.522025547039
        ],
        "min": 1029.644873209335,
        "max": 1393.9199954684452
    },
    "Revenue": {
        "n": 30,
        "mean": 1766.4093906397466,
        "std": 149.08227456793975,
        "95% CI": [
            1713.0609838324542,
            1819.757797447039
        ],
        "min": 1530.7491956995018,
        "max": 2083.628036464218
    },
    "Cost": {
        "n": 30,
        "mean": 0.0,
        "std": 0.0,
        "95% CI": [
            0.0,
            0.0
        ],
        "min": 0.0,
        "max": 0.0
    }
}