{
    "Objective": {
        "n": 30,
        "mean": 1722.623946221517,
        "std": 165.7922343449541,
        "95% CI": [
            1663.2959571030397,
            1781.9519353399942
        ],
        "min": 1441.5938006759147,
        "max": 2100.7026990389804
    },
    "Time": {
        "n": 30,
        "mean": 11.218349769075092,
        "std": 0.206329060984607,
        "95% CI": [
            11.144515862841274,
            11.292183675308909
        ],
        "min": 10.96787227364257,
        "max": 11.515545166563243
    },
    "Load": {
        "n": 30,
        "mean": 1278.6436357992065,
        "std": 100.83767637372716,
        "95% CI": [
            1242.5593367349597,
            1314.7279348634534
        ],
        "min": 1073.952904444201,
        "max": 1505.4236002943942
    },
    "Demand": {
        "n": 30,
        "mean": 1213.6882693467537,
        "std": 114.31867261864214,
        "95% CI": [
            1172.7798577317317,
            1254.5966809617757
        ],
        "min": 1008.5261017107963,
        "max": 1525.8807119369508
    },
    "Revenue": {
        "n": 30,
        "mean": 1783.0062731459036,
        "std": 168.219706931387,
        "95% CI": [
            1722.8096241184608,
            1843.2029221733465
        ],
        "min": 1494.4071839501867,
        "max": 2174.2772077768473
    },
    "Cost": {
        "n": 30,
        "mean": 0.0,
        "std": 0.0,
        "95% CI": [
            0.0,
            0.0
        ],
        "min": 0.0,
        "max": 0.0
    }
}