{
    "Objective": {
        "n": 30,
        "mean": 1704.672940105365,
        "std": 148.06621423532638,
        "95% CI": [
            1651.6881258185254,
            1757.6577543922044
        ],
        "min": 1421.0452532485479,
        "max": 1989.5177392913924
    },
    "Time": {
        "n": 30,
        "mean": 171.4484795276386,
        "std": 2.1903257196737065,
        "95% CI": [
            170.6646815350719,
            172.2322775202053
        ],
        "min": 166.8662783340551,
        "max": 175.07579235499725
    },
    "Load": {
        "n": 30,
        "mean": 1244.9651538437254,
        "std": 79.75681914893855,
        "95% CI": [
            1216.4245426547393,
            1273.5057650327115
        ],
        "min": 1105.46545022126,
        "max": 1378.3744568423465
    },
    "Demand": {
        "n": 30,
        "mean": 1194.8728686904508,
        "std": 80.42423671215218,
        "95% CI": [
            1166.093425193762,
            1223.6523121871396
        ],
        "min": 1046.0758790294826,
        "max": 1332.7079825340957
    },
    "Revenue": {
        "n": 30,
        "mean": 1748.5599106616485,
        "std": 147.6606413334858,
        "95% CI": [
            1695.7202287738155,
            1801.3995925494814
        ],
        "min": 1473.3478053576505,
        "max": 2031.4791256851258
    },
    "Cost": {
        "n": 30,
        "mean": 0.0,
        "std": 0.0,
        "95% CI": [
            0.0,
            0.0
        ],
        "min": 0.0,
        "max": 0.0
    }
}