{
    "Objective": {
        "n": 30,
        "mean": 1694.1904708412042,
        "std": 162.48452663057319,
        "95% CI": [
            1636.0461297268764,
            1752.334811955532
        ],
        "min": 1439.4823093469518,
        "max": 2078.2337625517725
    },
    "Time": {
        "n": 30,
        "mean": 43.10119536492663,
        "std": 0.6281775260864334,
        "95% CI": [
            42.876404924171815,
            43.32598580568145
        ],
        "min": 41.94343470223248,
        "max": 44.01057214010507
    },
    "Load": {
        "n": 30,
        "mean": 1249.7029039952827,
        "std": 100.3031002794852,
        "95% CI": [
            1213.809900529575,
            1285.5959074609902
        ],
        "min": 1074.4579435974103,
        "max": 1533.8808070069983
    },
    "Demand": {
        "n": 30,
        "mean": 1190.9863598152997,
        "std": 108.71124560865307,
        "95% CI": [
            1152.084540185395,
            1229.8881794452043
        ],
        "min": 1023.412187101841,
        "max": 1552.6389382234215
    },
    "Revenue": {
        "n": 30,
        "mean": 1747.2195570055874,
        "std": 162.99295833109912,
        "95% CI": [
            1688.8932759438583,
            1805.5458380673165
        ],
        "min": 1484.7702244598877,
        "max": 2135.0541434974966
    },
    "Cost": {
        "n": 30,
        "mean": 0.0,
        "std": 0.0,
        "95% CI": [
            0.0,
            0.0
        ],
        "min": 0.0,
        "max": 0.0
    }
}